KXmer,Coverage,Mean level,Std level,Median level,Max level,Min level,KDE Mean level,KDE Std level,KDE Coverage
AAAZ,117,-1.2223793011111113,0.4689021201558485,-1.2291944,-0.15174455,-2.82017544,-1.4200000000000763,0.21047316436372346,78
AACZ,1377,-0.4542125355279593,0.2492749858068732,-0.42194972,0.56733041,-1.96084685,-0.4000000000000981,0.17759058781056308,1300
AAGZ,325,-1.2268760571046151,0.3627187872682074,-1.19684782,0.06855168,-3.24167863,-1.015000000000085,0.23654181193329946,261
AATZ,595,-1.234039010818487,0.3562947830200863,-1.27162816,0.98256016,-2.99787881,-1.2850000000000792,0.18693320483194045,521
AAZA,138,-0.1812465825433333,0.4134746555641526,-0.12828028,0.54110184,-3.0078485,-0.055000000000105416,0.2327716357476335,111
AAZC,78,-0.5979741623076924,0.3827739732290773,-0.56557006,0.83656986,-2.89698657,-0.5100000000000957,0.1646783825522768,71
AAZG,195,-0.2419035662717949,0.3346106199796134,-0.24319632,2.71343338,-1.24942681,-0.2100000000001021,0.19738652307461102,180
AAZT,164,-0.7028779121890244,0.5883103361306629,-0.73231128,2.52914999,-2.37789729,-0.78000000000009,0.23932588138277364,124
ACAZ,547,1.1482166444789763,0.4076051199016362,1.24692081,2.77065917,-1.34859089,1.334999999999865,0.19300416172301946,457
ACCZ,1926,1.4565155793494289,0.3393681888808132,1.542996995,2.38221794,-0.92829312,1.6349999999998586,0.17266488459237767,1647
ACGZ,851,1.0551406231374854,0.40075813326545584,1.14905251,2.61779991,-1.13635302,1.239999999999867,0.2107240062394032,690
ACTZ,2902,0.6751246571454169,0.3013769911221272,0.7167837699999999,1.71197463,-2.13206243,0.7149999999998782,0.1861819441785809,2687
ACZA,2172,1.6772691035378915,0.37062509226243984,1.736905445,3.03699682,-1.05286617,1.7799999999998557,0.2002216152226192,1965
ACZC,627,1.0392728994258371,0.3244597871786525,1.04477499,3.09667362,-1.00773904,1.0199999999998717,0.21536748364452304,580
ACZG,1574,1.4664465262566708,0.3037747094269043,1.50682507,3.23094052,-0.8366867,1.5049999999998611,0.1869468701976608,1456
ACZT,2120,0.9558583589056604,0.366072433928324,0.9901431999999999,3.1511384,-1.11898652,0.999999999999872,0.1972343899531724,1905
AGAZ,311,-1.5730656530771705,0.41788824834469496,-1.54970595,0.5872611999999999,-4.30068814,-1.4850000000000747,0.19521231143740173,259
AGCZ,1088,-0.7341829739963234,0.21484130832213616,-0.719951105,0.83453165,-2.25874803,-0.7100000000000914,0.16356116244737665,1055
AGGZ,521,-1.8590611219193856,0.3136832548145997,-1.8794997,1.10476105,-3.16089684,-1.8700000000000667,0.17491859398452808,492
AGTZ,999,-1.85372771983984,0.36354928567913614,-1.89303634,0.50960627,-3.34880074,-1.9850000000000645,0.2324192088790358,844
AGZA,510,-0.4788773661673451,0.3743285833608417,-0.470610165,2.2178529,-2.51450232,-0.4850000000000962,0.239217851784873,461
AGZC,191,-1.021539996544503,0.4165869930426019,-1.09167653,1.31969496,-2.46609229,-1.1000000000000831,0.16054328484959288,174
AGZG,319,-0.6262425442928841,0.40578170085056103,-0.668691,1.48905074,-2.64570303,-0.7450000000000907,0.18768568535696872,264
AGZT,402,-1.125835323142413,0.4289097686648165,-1.153724495,0.19391975,-3.13098894,-1.2100000000000808,0.21271622286981856,333
ATAZ,352,2.2582688260227277,0.7169559698709066,2.393403005,4.15418694,-1.34467189,2.50999999999984,0.24672950778546315,223
ATCZ,2027,2.9646365070596947,0.5280933751387953,3.12877114,4.15311596,-1.72082419,3.229999999999825,0.19906519941585604,1562
ATGZ,444,2.333214131531532,0.7102480256405936,2.50757258,3.64317061,-1.36863417,2.5849999999998383,0.23447988482706145,307
ATTZ,1288,1.3975994077880436,0.42037452058843067,1.4706220600000002,2.65206941,-1.82761601,1.5199999999998608,0.232117194004399,1106
ATZA,1154,2.305048919679376,0.46324181930856706,2.412028855,3.4158584000000003,-0.79116899,2.4749999999998407,0.22097125319830685,965
ATZC,305,1.8566386316065573,0.5079673685962354,1.91673068,3.14437465,-0.13553838,2.0099999999998506,0.2338883762345633,230
ATZG,848,2.0798721286556603,0.5014186269598854,2.19205428,3.34015906,-1.05222389,2.2899999999998446,0.2061999614120894,701
ATZT,655,1.8788776396946565,0.4958818564808326,1.97653933,3.99537158,-1.04900718,2.0199999999998504,0.21533077778816226,537
AZAA,317,0.775647867066246,0.4000978844161937,0.77099983,2.88333462,-1.14942618,0.7599999999998772,0.20867679493409924,278
AZAC,156,0.32252663448564106,0.4559805334950635,0.256867,1.91909649,-0.56466041,0.21999999999988876,0.2568385702149131,122
AZAG,325,0.3653116275157538,0.4260995592202185,0.38824452,2.6586084999999997,-0.68022222,0.4449999999998839,0.2131911678724804,259
AZAT,301,0.05505136312192692,0.43798081485713697,0.03104014,2.1667384999999997,-2.48146581,0.06499999999989202,0.21850116630573965,265
AZCA,148,1.588510648918919,0.6323687942352162,1.72480239,2.76182237,-1.42822193,1.7449999999998562,0.219482658636976,116
AZCC,250,1.3711613826,0.3773230982319413,1.369328375,3.10214391,0.178928,1.3599999999998644,0.2334125444827245,221
AZCG,143,1.3127992571328668,0.5447657155737603,1.39689643,2.7688332,-1.02867548,1.4199999999998631,0.21208187272776216,110
AZCT,219,1.0944857001369863,0.4989025976006266,1.13662326,2.70128261,-0.63724227,1.1099999999998698,0.19920042293907209,182
AZGA,441,0.2537407874570395,0.4557497982898815,0.26703354,1.89642698,-2.92524129,0.17999999999988958,0.2584992563730199,371
AZGC,309,0.15068030939887056,0.3751497722941125,0.16131417,1.76888795,-1.22681108,0.2499999999998881,0.2380271103234944,266
AZGG,522,0.2500891906755824,0.4574820980293519,0.30132386,1.81373532,-2.75254945,0.439999999999884,0.22213905924407565,385
AZGT,665,-0.10726634158729023,0.34623531943008473,-0.10849165,2.47812053,-2.16903992,-0.1400000000001036,0.2073751611490342,604
AZTA,310,0.7993822485838709,0.5803638606589838,0.72443208,4.51874217,-2.16477816,0.6249999999998801,0.22253437921784644,244
AZTC,205,0.1311760246405366,0.6172202473759038,0.19007312,2.07932177,-2.41345293,0.1999999999998892,0.2770666866146866,138
AZTG,333,0.363057117755967,0.5662063967845761,0.36499898,2.97371949,-2.24834928,0.3199999999998866,0.2513700569574309,265
AZTT,198,-0.680426295,0.458184547660695,-0.73545683,1.34221062,-2.60956238,-0.8500000000000885,0.20475134891392985,158
CAAZ,77,-0.4116185692207792,0.4852716410307922,-0.23805743,0.97856392,-1.39505825,-0.1300000000001038,0.17283909275091194,46
CACZ,867,0.2041326358622191,0.23499318682891346,0.19715378,1.93232186,-0.92507489,0.21499999999988886,0.1376142651607168,825
CAGZ,231,-0.8336383482857143,0.3258195826842913,-0.87544163,1.58659065,-1.48749967,-0.8900000000000876,0.19376195348386172,214
CATZ,440,-0.6568980895681819,0.3577791308163446,-0.7047585999999999,1.46424665,-2.04668076,-0.7850000000000898,0.1848851492352263,388
CAZA,378,0.20560210572524867,0.32566092409220365,0.162750295,1.89352118,-0.58948202,0.18499999999988948,0.21172497824888264,343
CAZC,372,-0.3072506334709946,0.4768242283486634,-0.451519005,2.8487892,-1.24326342,-0.5200000000000955,0.17222109009487666,305
CAZG,755,-0.03968617108867152,0.25260780092061785,-0.06297417,1.56629803,-1.41896173,-0.12500000000010392,0.17803871094135393,720
CAZT,466,-0.5837243130042918,0.3696500620257354,-0.63860793,1.25848071,-1.75590206,-0.7450000000000907,0.20927349110358334,398
CCAZ,297,0.7648676141059899,0.34099639545880495,0.8269741,2.5490911,-0.74288308,0.8499999999998753,0.17085843355450847,262
CCCZ,1427,1.0375559685984583,0.27453635979614543,1.07453506,1.8580136999999999,-1.310367,1.1199999999998695,0.2000027498376733,1346
CCGZ,632,0.395434294528481,0.3023845181959647,0.416883805,2.17300669,-1.23633073,0.4549999999998837,0.17875949574695255,583
CCTZ,1439,0.2738133746406345,0.31257018183348817,0.24147074,2.30382315,-1.36057412,0.2599999999998879,0.17708870018873402,1345
CCZA,1429,1.2297953625472358,0.3144128296758959,1.24632867,2.57417968,-1.81462561,1.2299999999998672,0.22125003081962447,1319
CCZC,1054,0.7969879173557874,0.3175762571430221,0.72807935,2.34679198,-1.06834816,0.6349999999998799,0.19635419250238625,886
CCZG,1428,1.0240829668494398,0.24024842769417426,1.0269184999999998,2.05658521,-0.64523569,0.9949999999998722,0.17493364271435924,1355
CCZT,1851,0.4912423128337655,0.2694785762617709,0.45791889,2.62729429,-0.98331757,0.4249999999998844,0.1802160511038152,1713
CGAZ,60,-1.1505337776666664,0.5776434227483673,-0.997290615,0.38353134,-2.49974092,-0.8400000000000887,0.19119941614271324,32
CGCZ,365,-0.2802706558109589,0.48190592972690394,-0.32948935,3.14291628,-2.7503279,-0.32500000000009965,0.19205695861604888,312
CGGZ,95,-1.1114180283157895,0.4368841132824385,-1.21752037,1.053495,-1.85535369,-1.25000000000008,0.20657199500057996,83
CGTZ,159,-1.460179359056604,0.5269228585785409,-1.4905618,1.00028708,-2.55042225,-1.535000000000074,0.21982686121760767,127
CGZA,1049,-0.2244713945259309,0.4184177415734007,-0.27003928,2.78467625,-3.52628693,-0.2350000000001016,0.2166546704888256,921
CGZC,712,-0.6677586167330632,0.4199429307436901,-0.7653084299999999,2.40747327,-2.01953988,-0.8350000000000888,0.1851194026724952,622
CGZG,809,-0.3690935978554537,0.2569130355230833,-0.38759124,1.94166128,-1.41846914,-0.4450000000000971,0.18561920157614112,770
CGZT,1144,-0.972558935104021,0.3617690779812833,-0.98349349,2.09900894,-3.37557016,-0.960000000000086,0.2425665222617753,1026
CTAZ,126,1.7029809144444443,0.42798103343986416,1.76715759,2.69790021,0.13709965,1.8249999999998543,0.2291693974815578,104
CTCZ,1493,2.3538240548827862,0.4108810592625737,2.48462508,3.39759708,0.12545033,2.5749999999998385,0.18688338870657628,1190
CTGZ,632,1.47589320443038,0.3683907642775406,1.539309205,2.75895823,-0.80963635,1.5949999999998594,0.21855545922569236,560
CTTZ,753,0.8750975252005312,0.29579848854270185,0.9288931,1.89867456,-0.63653313,0.9349999999998736,0.17120584238245026,700
CTZA,2891,2.016994968661362,0.3026326882272082,2.0696011999999997,3.02124962,-0.91971592,2.0949999999998488,0.1887913205720464,2659
CTZC,1020,1.5790397280825748,0.38139218818500215,1.61829116,2.94098578,-0.00020941577399999998,1.654999999999858,0.20056198038988526,852
CTZG,2573,1.8627480262806064,0.2855848178560456,1.9004903000000002,3.0882155,-1.02489571,1.9299999999998525,0.18261028183990335,2399
CTZT,1494,1.5697978067469875,0.37909266083183796,1.56279084,3.3324534,-1.00972948,1.5499999999998604,0.18723164056077451,1288
CZAA,2169,0.8308565359059474,0.2462338406600509,0.81829514,1.82344064,-0.80740358,0.7699999999998771,0.1860062537186276,2054
CZAC,1050,0.3607520786174,0.3935881802057759,0.263345195,1.95662699,-1.20120682,0.15499999999989011,0.2085112316382716,788
CZAG,2401,0.6394835017917535,0.2422641826865292,0.63903164,1.7957928,-0.98871451,0.6249999999998801,0.18848988703198827,2313
CZAT,1742,0.019074011826742253,0.3244650624303623,-0.03256037,1.83890888,-1.76160012,-0.10500000000010434,0.19315497744265414,1561
CZCA,772,1.56178284492228,0.4443178632250822,1.53534751,2.92134228,-0.76414929,1.379999999999864,0.249632132706648,551
CZCC,900,0.9671102244988888,0.3937048586411243,0.914289315,2.81417397,-0.59340983,0.8049999999998763,0.22459080545484816,706
CZCG,654,1.212381116651376,0.3437170025670628,1.2292398699999998,2.75947007,-0.013428799999999998,1.2449999999998669,0.2464987290118148,566
CZCT,598,0.7257451247876254,0.3166733257863633,0.69169507,2.39376328,-0.86585315,0.6449999999998797,0.20107512864670027,530
CZGA,1448,0.36247379195998825,0.2995216122080226,0.363836595,1.85714084,-1.37526039,0.3149999999998867,0.23927636880440556,1356
CZGC,844,0.18024552908131872,0.2752343829668452,0.145123215,2.11740517,-1.70179659,0.0849999999998916,0.16095781630409478,778
CZGG,2270,0.3971734682761463,0.24362294000915935,0.41096019,1.61306689,-1.72070501,0.42999999999988425,0.20058804908048344,2173
CZGT,2216,-0.18130336401517005,0.26210158170132136,-0.185684695,2.1392946,-1.57998105,-0.18000000000010274,0.19198907586709324,2095
CZTA,1944,0.5532070324918291,0.34150824427469795,0.49602616,2.62494353,-0.66349225,0.3999999999998849,0.20560464288544225,1672
CZTC,1794,-0.1220219417083651,0.3419771863763879,-0.16544799999999998,2.99426552,-1.35022408,-0.2200000000001019,0.21147686595793164,1652
CZTG,2179,0.10960657348851263,0.29878823021845063,0.08374609,2.0408060000000003,-1.39851175,0.07499999999989182,0.2057754724785228,2042
CZTT,1084,-0.6959563784981551,0.4244228723353142,-0.754504505,2.08414326,-2.7252408,-0.78000000000009,0.244102188810252,923
GAAZ,123,-1.4086146820325205,0.4696612668991683,-1.34292848,0.11763839,-2.92615642,-1.2950000000000792,0.2047025465916331,97
GACZ,1396,-0.8611381491891118,0.3845816628493394,-0.791609765,1.24213735,-4.3791687999999995,-0.7350000000000909,0.1874603269499944,1219
GAGZ,271,-1.5915473721402214,0.3372648000735681,-1.54531928,0.51296881,-2.8200481,-1.5000000000000746,0.1830336967155202,245
GATZ,813,-1.7228387047724476,0.32270615039027817,-1.72462715,0.19540821,-3.64410067,-1.71000000000007,0.19965883051848565,741
GAZA,328,-0.7540197774237805,0.3185270626918403,-0.766469515,0.44507713,-2.60968151,-0.7950000000000896,0.1886557877384661,301
GAZC,132,-1.2084550162121217,0.4077712850214503,-1.21740078,0.53027762,-2.72470471,-1.2250000000000805,0.1812917764980208,113
GAZG,447,-0.9003676004653244,0.3200413284678778,-0.90937953,0.58401469,-3.15829885,-0.9350000000000868,0.16900139630186936,412
GAZT,231,-1.2675262974545454,0.4068936393338705,-1.28285954,0.07177336,-3.12727245,-1.2800000000000793,0.20934479850189056,199
GCAZ,291,0.7771394654948454,0.5012695288729621,0.91257964,2.25927928,-1.45724869,1.004999999999872,0.1999008659521743,221
GCCZ,990,1.2628990967272726,0.3681687460318291,1.360994735,2.14878114,-1.75324719,1.4399999999998627,0.16900732954672595,852
GCGZ,769,0.8567845227269181,0.4813318688518423,0.97677894,2.61922996,-1.97859714,1.0399999999998712,0.20046968116362893,626
GCTZ,1600,0.41094490706875,0.32196432449090023,0.44542867,2.0410635,-1.98320566,0.4499999999998838,0.17994479934478652,1453
GCZA,1643,1.5236404138880095,0.3878282985205917,1.58477791,3.19723838,-1.08145159,1.5849999999998596,0.2077801717950989,1474
GCZC,525,0.8415594336394286,0.35885226236841017,0.8489885,1.92045618,-1.28697449,0.8199999999998759,0.21593756836399672,464
GCZG,1530,1.2688530507816993,0.313873073400257,1.318955505,2.41051192,-1.41417994,1.3449999999998647,0.1867229507943204,1412
GCZT,1386,0.7674361481262627,0.4074722719771794,0.825154485,3.12880562,-1.84332624,0.8599999999998751,0.19702691188253865,1212
GGAZ,288,-2.0158254332291663,0.408961497454742,-2.052209025,-0.25271507,-3.52834588,-2.1100000000000616,0.18027789575093964,237
GGCZ,1250,-0.971237125304,0.2731850963931669,-0.92684502,0.81464709,-2.9907489,-0.8850000000000877,0.18730198822247465,1151
GGGZ,352,-1.9301802200596592,0.3940762079891492,-1.9045738999999997,-0.64248519,-3.77290746,-1.8700000000000667,0.19937859226350255,294
GGTZ,818,-2.0939344954400974,0.4207516148089864,-2.129296875,0.19149879,-4.62660077,-2.1550000000000606,0.2346168870121033,675
GGZA,528,-0.7528682371832007,0.37376143305584175,-0.7943222350000001,1.93892388,-2.41603855,-0.8250000000000891,0.1946839955259688,467
GGZC,249,-1.2600904842931726,0.4455131488263508,-1.33378849,1.52236197,-3.35702174,-1.3850000000000773,0.16569500131748094,223
GGZG,255,-0.9280390237843136,0.4990712641065258,-0.99529235,1.49585252,-2.79080085,-1.0300000000000846,0.16274972114506694,213
GGZT,342,-1.3962947902046785,0.5729966350403792,-1.46577527,0.72078373,-3.28443285,-1.5050000000000745,0.18696783060675126,262
GTAZ,432,1.6741460639097223,0.6720440620773699,1.84756044,3.03774341,-1.32948895,1.959999999999852,0.2331527065512174,273
GTCZ,1219,2.434322167973749,0.4766521884878831,2.59661516,3.5607355000000003,0.35533808,2.704999999999836,0.1924167058465132,927
GTGZ,945,1.9193828051476025,0.6409454116746424,2.08621203,3.31272756,-2.16686752,2.184999999999847,0.23874917000250426,671
GTTZ,1435,1.0379761114243276,0.4199018712862048,1.08561164,3.0013476000000003,-1.82301949,1.09999999999987,0.2337267206221562,1232
GTZA,1060,2.0127181871332067,0.3736518594914857,2.082177555,3.16274122,-0.72769877,2.124999999999848,0.19665732266972236,943
GTZC,287,1.5829924397212545,0.5537332171306517,1.57429659,2.91878826,-1.99209125,1.5599999999998602,0.21243539547343104,216
GTZG,1003,1.7133115699700898,0.4323414257989828,1.80978698,2.90948072,-1.8117031000000003,1.8649999999998537,0.18933595614321266,877
GTZT,446,1.3912172476796232,0.4914751456779818,1.509343765,2.47567841,-1.49771849,1.5549999999998605,0.1892425185274104,374
GZAA,926,0.24079965553746,0.4077184818678665,0.22414122,2.15241064,-1.94348116,0.26499999999988777,0.2116637587433752,804
GZAC,586,-0.04617164671887372,0.407555714282456,-0.035104140000000006,1.48388169,-3.12214018,-0.04000000000010573,0.2320564579578169,471
GZAG,1053,-0.06820277811175025,0.4378384489612912,-0.07223068,5.4796773000000005,-3.52380452,-0.055000000000105416,0.20928460102128987,902
GZAT,662,-0.24512792506258155,0.4326121047931784,-0.29956373000000003,1.62160973,-1.62858326,-0.495000000000096,0.22599838102216346,524
GZCA,531,1.2493639299811676,0.4538029981211562,1.29739742,2.50145994,-1.19504748,1.3549999999998643,0.25482479120883633,417
GZCC,557,0.7998672370484741,0.4743230013545428,0.75461523,2.4495386000000003,-1.84111195,0.4949999999998829,0.22578021137499554,338
GZCG,380,0.9637911964383684,0.4195955463024617,1.0173553599999998,2.60628689,-1.36198236,1.1599999999998687,0.20439912196025647,304
GZCT,335,0.63492259677,0.4233598155019288,0.65636059,2.58448873,-1.29819445,0.6649999999998792,0.2078119147095637,280
GZGA,500,0.036963388305538,0.3857476444221608,0.053770675,1.59245925,-1.70389941,0.11499999999989095,0.22240765172714752,423
GZGC,226,0.01157400858495575,0.39233060137346015,0.05187615,1.47818941,-1.76907974,0.0949999999998914,0.2269806159573983,200
GZGG,674,0.07540211326602374,0.40553172018218,0.14167972499999998,1.47677673,-2.13516676,0.1749999999998897,0.20641097648834544,559
GZGT,753,-0.2807731780886481,0.3861163557970434,-0.27572198,1.40455211,-2.75505771,-0.2200000000001019,0.2026076689536706,651
GZTA,832,0.5602351045271274,0.6554125759115444,0.458563455,3.40360044,-2.40531795,0.19499999999988926,0.25001609018138915,510
GZTC,653,-0.35860973278609193,0.6236319796541121,-0.33030924,2.50012942,-3.47736264,-0.15000000000010338,0.26676973172666874,379
GZTG,886,0.29000567641871217,0.8411311661664731,0.09238166,2.9025819,-2.85311923,-0.08000000000010488,0.2606300323501246,564
GZTT,324,-0.8200459646669939,0.5937177040420314,-0.86340032,2.06188968,-3.6964928999999995,-0.9550000000000862,0.2400980065496333,226
TAAZ,258,-0.08887140725065891,0.4637912157609669,-0.007962175,2.5315792,-1.75278931,0.034999999999892666,0.2163754898136776,201
TACZ,2847,0.2954599817327594,0.21775068336537914,0.27443123,3.02961868,-1.83385234,0.2499999999998881,0.14092223433042744,2753
TAGZ,595,-0.4286912134052101,0.2560206211122034,-0.43618279,0.99418079,-1.44000327,-0.4300000000000974,0.17060406105854053,560
TATZ,1114,-0.3227809738096948,0.4638270568951443,-0.42706822,3.51682312,-2.10334417,-0.5150000000000956,0.1849732034028473,934
TAZA,255,0.2693052817830353,0.37254556711516,0.2404389,2.14343566,-0.72987126,0.27999999999988745,0.19642998892242985,228
TAZC,178,-0.04124255477528089,0.4724211968494868,-0.121149915,2.90370568,-1.25093346,-0.1300000000001038,0.18479471775311307,156
TAZG,540,0.11884707021992405,0.3105965493937568,0.09575401,2.01979222,-2.35283308,0.0149999999998931,0.17588987220944344,504
TAZT,185,-0.3274453041018757,0.4564850899876781,-0.3578283,1.82837089,-2.12942712,-0.3850000000000984,0.2262619732863401,159
TCAZ,836,0.9344937655562202,0.3384071524647411,0.96504529,2.40960231,-1.01881855,0.9649999999998728,0.18240972601609856,753
TCCZ,1420,1.084182893906338,0.22083168902588568,1.0784354500000002,2.86992868,0.17494309,1.0899999999998702,0.16087647202584449,1349
TCGZ,1462,0.6523898861335903,0.33575118292497835,0.6783799100000001,2.65557906,-1.4124778999999998,0.6999999999998785,0.18167944314875772,1335
TCTZ,2032,0.4635995116177362,0.3391295782730682,0.402201865,3.13362122,-1.80807331,0.3649999999998856,0.17966277923592314,1845
TCZA,2117,1.2355620736027395,0.2298788853011733,1.23958578,2.63891387,-0.33484042,1.279999999999866,0.17740273176845742,2037
TCZC,718,0.8129849963551532,0.3304726773447484,0.75827523,2.56582867,-0.05199585,0.7099999999998783,0.20518262373324497,638
TCZG,2245,1.0726399468561247,0.21931505257801626,1.07722914,3.01527214,-1.07783506,1.0749999999998705,0.1658753370787545,2175
TCZT,1645,0.6223678786149544,0.3036209290263181,0.59030177,3.19820809,-1.54578999,0.5499999999998817,0.18625337122630528,1519
TGAZ,479,-0.7249780256471816,0.394805837261447,-0.65558849,0.24819742,-2.16285068,-0.6250000000000933,0.20887955898564586,408
TGCZ,2381,0.07330008792914447,0.22431546289797852,0.02875572,1.8751375,-0.94512386,-0.005000000000106475,0.149245855850724,2271
TGGZ,406,-0.5499741104776625,0.4952169012468325,-0.586425585,2.89547964,-3.20436973,-0.5800000000000942,0.1922370287916144,343
TGTZ,819,-0.7779230566561782,0.4121815570888537,-0.88701249,2.08524457,-1.63277288,-0.9350000000000868,0.16415938888400014,703
TGZA,1139,-0.025916306897767336,0.33666480555025546,-0.01370865,2.47239364,-3.3460029000000002,-0.010000000000106368,0.208065934703986,1052
TGZC,651,-0.2870859864556068,0.3449609166931494,-0.34631094,1.6814041000000002,-2.18062149,-0.405000000000098,0.17255010465624246,574
TGZG,770,-0.1028855420893857,0.259246074159065,-0.1088204,1.54278665,-2.06218146,-0.1350000000001037,0.16978876031064116,738
TGZT,807,-0.5782527363613358,0.42623128094534185,-0.61382721,2.4246696,-2.2145459,-0.6150000000000935,0.2185806004420656,719
TTAZ,248,1.4836179081048388,0.3686282419604728,1.51772325,2.28910445,-0.49639278,1.5599999999998602,0.2305263209144461,213
TTCZ,1986,1.8994285606344408,0.26536781101813484,1.96760936,2.8344945,-0.48722312,2.0149999999998505,0.17161709842957967,1819
TTGZ,1347,1.463653391161608,0.2960648634400077,1.4996553,2.72794522,-0.85248394,1.4949999999998616,0.17106017982479824,1284
TTTZ,1496,0.6873407824826203,0.2164698775945953,0.6864525850000001,3.50262873,-0.93911894,0.6899999999998787,0.13610451540526128,1463
TTZA,1867,1.6085833335672204,0.25984271874981424,1.63260802,3.27316434,-0.72111433,1.6449999999998584,0.18017212086288065,1770
TTZC,576,1.3434146869739585,0.3704034909973055,1.3517544899999998,3.47166813,-1.81949954,1.3199999999998653,0.217990877765375,518
TTZG,1617,1.4610959422269634,0.26336147968136,1.47967243,2.36620898,-0.89913627,1.4399999999998627,0.1892514888857328,1548
TTZT,912,1.2977253845614034,0.3690579283930989,1.288398395,3.06777787,-0.21633971,1.2349999999998669,0.21763267569448014,799
TZAA,2189,1.2171090107309273,0.2517363772723153,1.21969488,2.01061922,-0.20516691,1.2149999999998675,0.2072693434494085,2088
TZAC,1081,0.6445954990054209,0.2623262392531789,0.61092915,2.24677328,-0.63711334,0.5999999999998806,0.1687305953845192,1021
TZAG,1667,0.9310983904659396,0.2877617191913737,0.93241735,2.48585547,-0.96858208,0.9199999999998738,0.21523850231172575,1547
TZAT,2035,0.4228638697749386,0.248288778825998,0.42463688,2.25050874,-1.33546902,0.4549999999998837,0.1916939300145776,1956
TZCA,466,1.6056119448712445,0.4091408786032912,1.61393437,2.7928829,-0.41472191,1.609999999999859,0.2347630310453778,377
TZCC,652,1.232556496746933,0.3916648834446464,1.28822187,2.77152965,-1.98646464,1.284999999999866,0.2215777087412374,559
TZCG,459,1.3165063800370371,0.3269661448147284,1.36115356,2.54406985,-0.58078054,1.379999999999864,0.2001545278853187,406
TZCT,611,1.04693876598527,0.4384029994819092,1.06556891,2.67112951,-1.48575405,1.049999999999871,0.2320967668820017,494
TZGA,1744,0.7595378711123852,0.28439054602115765,0.754594175,1.88222729,-1.11990424,0.7499999999998774,0.2201409255103869,1621
TZGC,813,0.4841630728204182,0.28200559239305234,0.46880259,2.06552208,-1.8848153000000003,0.4749999999998833,0.17259196160121018,767
TZGG,1435,0.7755923827860628,0.2976872133488809,0.78044319,2.15418409,-1.74050719,0.7449999999998775,0.21171050583519155,1306
TZGT,2048,0.3579921241307447,0.27880472481959595,0.3767116,1.58417226,-1.38288306,0.3899999999998851,0.1927048135158078,1900
TZTA,816,0.9067248915318628,0.3306291936514573,0.852759075,2.9973167999999997,0.03336261,0.7999999999998764,0.20678767673894952,751
TZTC,965,0.3720434267293897,0.3058185529782724,0.32910048,2.59999017,-0.82329678,0.2749999999998876,0.21697202039857036,887
TZTG,1128,0.6242615936985816,0.4478823676192087,0.5419334650000001,2.89491518,-1.23085898,0.5249999999998822,0.21128276995216266,1009
TZTT,598,-0.11720849066906687,0.5036153920228598,-0.232855395,2.42016769,-1.61094728,-0.3000000000001002,0.22347421092642228,503
ZAAA,1574,-0.05124116819828335,0.3451039362451473,-0.045983590000000005,2.41535114,-1.59175878,-0.0600000000001053,0.2341061555696508,1386
ZAAC,978,-0.9284147332716872,0.3726017737822057,-1.041524015,1.81563585,-2.3045294,-1.1300000000000825,0.1783400010448888,774
ZAAG,1222,-0.15595557487833714,0.3483336978186501,-0.143615055,1.0345349,-1.85336896,-0.11500000000010413,0.23807015995611966,1075
ZAAT,1826,-0.997565460622404,0.4387870837218145,-1.031487705,1.28182555,-2.60314046,-1.065000000000084,0.242591836792656,1498
ZACA,838,0.25798604107422435,0.21825087615369312,0.254252865,1.64688976,-1.01724904,0.2399999999998883,0.15459223250352794,804
ZACC,899,0.09266412026689344,0.2877527120207255,0.06861827,1.24811317,-2.89097642,0.009999999999893205,0.18073751107131567,825
ZACG,160,0.141436671,0.2840357606692151,0.166116645,0.88501058,-1.42032726,0.18499999999988948,0.18145145526259784,150
ZACT,976,-0.11784499518057275,0.29111380575075746,-0.06095745,0.86932908,-3.1566142999999998,-0.020000000000106155,0.18539347123050195,897
ZAGA,1446,-0.3632052836303877,0.3559867985479744,-0.33986616000000003,1.19689467,-2.86128701,-0.2950000000001003,0.2136865233431736,1297
ZAGC,1135,-0.6103753197559472,0.3084023143695273,-0.59310645,0.59865289,-2.64904544,-0.5850000000000941,0.2276797437002063,1025
ZAGG,1286,-0.3075766076437768,0.3225129417172745,-0.284708185,0.83664132,-2.25273026,-0.2850000000001005,0.20377939257685376,1181
ZAGT,1579,-1.0265989526732109,0.4170139533649089,-1.00826644,0.88150447,-3.24178706,-1.0300000000000846,0.22417729223469146,1334
ZATA,1328,-0.13694913297738706,0.3282171767156984,-0.135174745,2.14018468,-3.05094041,-0.16000000000010314,0.19260611486610527,1229
ZATC,1650,-0.6385578623625254,0.30649036057430346,-0.66830559,1.11799606,-3.50439233,-0.7400000000000908,0.17742741143405422,1505
ZATG,875,-0.3962905040548572,0.30014449355599165,-0.40285421,1.38911544,-2.09697944,-0.3750000000000986,0.19850861132533668,809
ZATT,887,-1.3299163382739572,0.3099668356764751,-1.37469632,0.33602933,-2.23903178,-1.440000000000076,0.2006246266874604,799
ZCAA,741,1.7266031822321188,0.5523520133516722,1.820098,3.51925331,-1.29933913,1.889999999999853,0.2504115492972975,542
ZCAC,330,0.8049962777575757,0.6799092645167664,0.987220165,2.16168819,-3.27102382,1.2149999999998675,0.2432819925940485,178
ZCAG,525,1.353747285504762,0.5177243863063501,1.41994608,2.62815193,-0.82636271,1.4749999999998618,0.257392524732918,384
ZCAT,321,0.8315182125732088,0.5047718172711481,0.89176441,1.92181785,-1.3747568000000001,1.054999999999871,0.24983504555535696,239
ZCCA,571,1.5719575757618214,0.44507648885164586,1.67008783,3.02176886,-0.29774197,1.7249999999998566,0.2171242049136216,482
ZCCC,922,1.2583334336713667,0.4562220753428943,1.377232555,2.85486426,-2.09290391,1.5349999999998607,0.20298032398840204,671
ZCCG,194,1.3143810956649484,0.564361496654245,1.45394674,2.83280841,-0.68464052,1.5949999999998594,0.24474144361118705,135
ZCCT,672,1.0720615961755953,0.4350688566855651,1.1447557549999998,1.98892254,-1.11086392,1.2149999999998675,0.23485760039105424,550
ZCGA,624,1.0894552170619345,0.5440196395695917,1.15093734,2.56457035,-2.04423817,1.10499999999987,0.25611824056210536,466
ZCGC,273,0.5809740978351648,0.5751690800009605,0.63853228,1.77270839,-1.21976875,0.33999999999988617,0.25998157098356023,151
ZCGG,414,1.0536227413964998,0.5325110184521278,1.15764299,2.03738186,-1.55777179,1.239999999999867,0.2433176779878097,327
ZCGT,325,0.4920606607076923,0.5634846931306635,0.53188429,1.68735337,-2.92551023,0.5849999999998811,0.2710479000222797,233
ZCTA,625,1.0304188346143999,0.3421634538309154,1.05727903,2.28969786,-1.36400235,1.1249999999998694,0.23039731925773066,544
ZCTC,545,0.6692221821654312,0.4076848834620488,0.70951376,2.37019442,-1.97480326,0.7799999999998768,0.21751101658667266,450
ZCTG,234,0.7574212526068376,0.4791474084130256,0.815559735,2.22849849,-1.31659917,0.8599999999998751,0.2135823123287751,177
ZCTT,359,-0.08058724154139275,0.4099823431773317,-0.05786519999999999,1.35329809,-2.59501394,0.07999999999989171,0.21625090724001247,287
ZGAA,1179,-0.8401266687523324,0.3902395881509614,-0.86625092,0.77348832,-2.51156575,-0.8550000000000884,0.2350825898301693,980
ZGAC,1086,-1.8198248643570305,0.3234468037761848,-1.87249937,1.16046911,-3.13123529,-1.9300000000000652,0.16267996866428427,1018
ZGAG,504,-0.7781088482642461,0.3742403626848962,-0.765740725,0.67803945,-2.48261274,-0.7300000000000909,0.2289430901332196,431
ZGAT,1365,-1.7603125986593406,0.4175092449170223,-1.7893245,0.40290036,-3.78060484,-1.8450000000000677,0.22054756200086315,1167
ZGCA,588,-0.07769609805165596,0.2805041664764845,-0.07529440000000001,1.81599328,-1.65281993,-0.08500000000010477,0.18224694363033347,540
ZGCC,600,0.037031900107604994,0.4136692636126275,0.05119671,1.76185289,-2.46482698,-0.020000000000106155,0.2298797228298589,514
ZGCG,81,-0.2682709760493828,0.4589218264889435,-0.24775546,1.9836798999999998,-1.1952868,-0.19000000000010253,0.242673912939876,66
ZGCT,922,-0.9029378163242952,0.41112560217539296,-1.0025426949999998,1.47174254,-3.03582914,-1.1200000000000827,0.18737570946453536,764
ZGGA,1990,-0.7132251420809045,0.3204781267458992,-0.695253315,0.66492896,-3.06531425,-0.6850000000000921,0.20134448538800387,1828
ZGGC,839,-0.8907858041251491,0.2849573852473845,-0.89633363,0.99922991,-2.02262365,-0.9100000000000872,0.20435813693712948,781
ZGGG,883,-0.5157142094782561,0.3451189929728579,-0.48194119,0.56680651,-2.66448143,-0.4800000000000964,0.19322120926683292,801
ZGGT,1189,-1.1102364549806558,0.4090522947255513,-1.07318716,0.39675885,-3.87148978,-1.0400000000000844,0.20620251700350936,1025
ZGTA,1875,-0.6985788953112161,0.3353516385564474,-0.75031587,1.16296703,-2.93691183,-0.7750000000000901,0.17736208914145918,1671
ZGTC,1598,-1.2351261020143929,0.3069629715882989,-1.27876459,1.53822592,-3.38550772,-1.3150000000000786,0.17236443656155406,1462
ZGTG,868,-1.080899829297235,0.3505120883620401,-1.127896365,1.2896743999999998,-2.63235507,-1.1700000000000816,0.17180649989793625,792
ZGTT,1341,-1.945937915428784,0.2857661243257034,-1.99420391,-0.03407951,-3.03329308,-2.0600000000000627,0.1809484402673957,1198
ZTAA,1037,2.4467731577917067,0.4944337496891598,2.54332259,3.99822267,-1.22849484,2.6349999999998373,0.2415301201009694,794
ZTAC,55,1.5821740952727272,0.6627804708112213,1.7948216000000001,2.5810717999999997,0.40480177,2.02999999999985,0.259578912486663,31
ZTAG,1216,2.3256103008223685,0.4763978494166882,2.419752355,3.3668218999999997,-0.49739859,2.50999999999984,0.24227122652156274,948
ZTAT,1595,1.934805608050784,0.40662179134090987,1.97582587,3.25374747,-1.68753917,2.0249999999998503,0.24216264516231545,1357
ZTCA,1485,2.7222800957239057,0.5085984335085115,2.84932445,3.60285291,-0.11924632,2.9149999999998317,0.2256512954117051,1175
ZTCC,1001,2.6144706146913084,0.5261088311248462,2.75602305,3.55262943,0.04234477,2.8649999999998323,0.21960728180735184,773
ZTCG,393,2.564662939811705,0.6676119723845447,2.78428245,3.54312138,-0.66688131,2.874999999999832,0.2242720992874855,285
ZTCT,737,2.541866278005428,0.5089969642076656,2.68327403,3.57197172,-0.77756335,2.7699999999998344,0.2189902741500704,559
ZTGA,1330,1.7698897337744361,0.4685866893531819,1.852805475,2.8978597,-1.60192887,1.9199999999998525,0.23993947810986996,1095
ZTGC,318,1.5745259620125789,0.5283103805832353,1.6902540949999998,2.55894595,-1.10190408,1.8849999999998528,0.2320744808353834,222
ZTGG,1790,1.8818600664525142,0.4491798647551275,1.958415715,2.89051029,-2.07990494,1.9949999999998507,0.23498658203372036,1490
ZTGT,1088,1.615698028685662,0.4683952815940482,1.679739395,2.90344717,-1.34305792,1.6999999999998572,0.2458050743640217,879
ZTTA,907,1.6637730440948184,0.4383234648646315,1.73732228,2.5676359,-1.57244921,1.8349999999998543,0.2319574531318653,770
ZTTC,634,1.0101474352004922,0.5924956750648138,1.184765515,3.55826633,-0.57539786,1.3099999999998655,0.21987608915727788,434
ZTTG,192,1.3064227054166668,0.4499106370794131,1.411480275,2.15811637,-1.17718238,1.4849999999998618,0.21261193299471512,156
ZTTT,471,0.6064833943879829,0.4024711845517872,0.68789506,1.6949482,-2.0906358,0.8049999999998763,0.22446405523166046,394
