,KXmer,Coverage,Mean level,Std level,Median level,Max level,Min level,KDE Mean level,KDE Std level,KDE Coverage
0,AAAA,558,-0.7084739693727597,0.29051084081608397,-0.68854499,0.12722667,-1.84745304,-0.7050000000000916,0.1996137647903601,503
1,AAAC,491,-1.383703476863544,0.3698845422942253,-1.44112409,2.93253015,-2.39355084,-1.4900000000000748,0.17721055464688937,456
2,AAAG,554,-0.9088838293122744,0.3069268545687791,-0.880714915,0.51267268,-2.41622188,-0.8300000000000889,0.2108604343208995,495
3,AAAT,488,-1.6007583545491804,0.32348339181572683,-1.60307221,0.41329093,-2.689325,-1.580000000000073,0.19208212830285404,443
4,AACA,514,-0.3617144927937743,0.31823515729937685,-0.358623435,1.18423463,-3.06259003,-0.3700000000000987,0.1744017994556276,483
5,AACC,539,-0.6497531700426716,0.2503069380478663,-0.65278192,1.09429136,-2.01339696,-0.6500000000000927,0.1713055521364647,520
6,AACG,462,-0.5081340096125542,0.3345421795866138,-0.5111958999999999,2.46844937,-2.15120095,-0.5150000000000956,0.1674110305220639,425
7,AACT,477,-0.8246895121090148,0.2737218312493728,-0.83312243,0.51368741,-3.07602117,-0.8350000000000888,0.1550270211560039,454
8,AAGA,548,-0.9843668831954197,0.36424477962673146,-0.972828415,1.03396029,-3.85850907,-0.9950000000000854,0.2090757560739996,500
9,AAGC,545,-1.2611727882209542,0.29784835327239706,-1.29904054,1.10691846,-2.56889245,-1.3300000000000782,0.18061358391014762,505
10,AAGG,561,-1.0971206303885919,0.32121770825818935,-1.07519148,0.03475335,-2.51188238,-1.1250000000000826,0.2082068497687436,505
11,AAGT,519,-1.6632790534104047,0.37541977710176994,-1.63918344,1.12222011,-3.23363892,-1.6400000000000716,0.20494524408324227,464
12,AATA,529,-1.01308246731569,0.3161778115238656,-1.02075931,1.88508652,-2.62101192,-1.0950000000000832,0.1762246108882806,494
13,AATC,521,-1.5271926875239923,0.36288686379256446,-1.58366984,2.01865994,-2.90218799,-1.670000000000071,0.20280048889809427,457
14,AATG,499,-1.3063103654709418,0.2831431837193514,-1.32987964,1.97183367,-1.89392304,-1.340000000000078,0.18513292359798275,486
15,AATT,446,-2.2134138388565026,0.36525957743545145,-2.27000763,0.29666986,-4.08625896,-2.330000000000057,0.1994525809940867,402
16,ACAA,522,1.3933128607279692,0.3881393231903386,1.466738595,2.37538268,-1.17772777,1.4899999999998617,0.19852439987044684,455
17,ACAC,496,0.7542991739879032,0.260634635699235,0.777446015,2.3171364,-0.53098922,0.7899999999998766,0.1734558576855364,468
18,ACAG,530,1.1097337866792452,0.35202975194049085,1.15829614,2.36048333,-0.53485608,1.2049999999998677,0.21151963762367254,459
19,ACAT,503,0.6053806011232604,0.28955146424055594,0.64294408,1.72670175,-0.80077915,0.6649999999998792,0.188884989127458,460
20,ACCA,553,1.427157037018083,0.3654173616005481,1.49130585,2.75971079,-0.76952844,1.4949999999998616,0.2040501762320183,496
21,ACCC,543,1.1677920555064456,0.3102060635501268,1.21246524,2.32749529,-1.46382627,1.2499999999998668,0.17897003179780788,497
22,ACCG,524,1.2718714764446566,0.3536000976607755,1.325963095,2.05767533,-0.92004356,1.329999999999865,0.20767317070790547,480
23,ACCT,557,0.9698477131956913,0.3231645102300101,1.02929574,2.05505422,-1.22752914,1.049999999999871,0.18223977794005136,513
24,ACGA,514,0.8707893527840468,0.4115179956208775,0.8940984750000001,1.84597405,-1.41260653,0.8449999999998754,0.2395924390638351,423
25,ACGC,490,0.5662828454346939,0.34256453133492576,0.61276153,1.59958825,-1.3498201,0.62999999999988,0.201110291362655,446
26,ACGG,474,0.8918955876371307,0.3744121382385122,0.950615685,1.71824766,-1.67940985,1.0149999999998718,0.22238472410424054,421
27,ACGT,471,0.4294858033927388,0.3763605974428758,0.49068124,1.43222954,-1.74924476,0.5099999999998825,0.21378751133689577,408
28,ACTA,531,0.8433291505040056,0.26041450561889956,0.83686464,2.86713524,-0.46133887,0.8249999999998758,0.20362169082939108,509
29,ACTC,522,0.1393810846964751,0.2542467579221665,0.14078265,1.9619405,-1.45237903,0.12999999999989065,0.16767208097499017,499
30,ACTG,505,0.47786562188118814,0.2991713441426068,0.48510025,1.28935286,-1.15024434,0.489999999999883,0.21998426367490784,476
31,ACTT,511,-0.4610966411483366,0.21838640512308372,-0.45602721,0.44074498,-2.46020123,-0.450000000000097,0.17543688594762968,499
32,AGAA,553,-1.4713705679385172,0.33935045283397697,-1.46335383,-0.19029987,-2.71377056,-1.4700000000000752,0.2228287486516502,472
33,AGAC,432,-2.257725997710648,0.389471653017195,-2.32383478,0.11151807,-3.4815542,-2.320000000000057,0.20956895474842205,389
34,AGAG,564,-1.612206115283688,0.282599418670531,-1.62091256,-0.03412326,-2.58607905,-1.670000000000071,0.21557329035660927,523
35,AGAT,548,-2.4612552127554745,0.30617986743119185,-2.498461415,0.27178217,-3.12491816,-2.515000000000053,0.17799720384987733,520
36,AGCA,556,-0.5850506685791008,0.2848214982594262,-0.612016185,0.94436798,-2.28546614,-0.6650000000000924,0.17498518470174,514
37,AGCC,563,-0.902076895277087,0.25210248273759983,-0.91536082,1.09261191,-2.28711464,-0.9150000000000871,0.162929865749673,538
38,AGCG,542,-0.9107776650073801,0.2892245987568912,-0.930766745,0.92957989,-2.47328511,-1.0200000000000848,0.1845810785282582,511
39,AGCT,554,-1.0817514177689531,0.28476344477424886,-1.12092609,0.74526223,-2.48068214,-1.150000000000082,0.17689647599966343,522
40,AGGA,569,-1.7439464739191564,0.3558508446943273,-1.74819994,0.35645632,-3.09963457,-1.8300000000000676,0.21844460167238325,492
41,AGGC,569,-1.9396449391915642,0.2655480981082997,-1.98803912,-0.35910101,-2.8289946,-2.035000000000063,0.16995799398662523,530
42,AGGG,564,-1.6581399531914893,0.3067679412651061,-1.644514915,-0.6470102,-2.73351747,-1.6450000000000715,0.20589554931810733,500
43,AGGT,561,-2.2408882057219253,0.32742451560076813,-2.26060587,0.68622027,-3.36923594,-2.280000000000058,0.1798617693610647,518
44,AGTA,553,-1.64712485960217,0.3276675143968234,-1.678394,1.20849647,-2.90756059,-1.6800000000000708,0.21739666266886945,520
45,AGTC,513,-2.2697933150487333,0.3668910185694715,-2.33178408,1.2560987,-3.36683994,-2.425000000000055,0.19548127072609053,448
46,AGTG,536,-2.1235899544589554,0.2929258355261237,-2.158044625,-0.43276282,-3.43466921,-2.1700000000000603,0.2184402886912584,499
47,AGTT,494,-2.910568697894737,0.42290234473064625,-3.001793525,-0.29841965,-3.67127256,-3.0600000000000414,0.21080594766098412,427
48,ATAA,517,1.7084732620309477,0.6003205980605996,1.84583621,2.73254374,-1.4053581,1.9599999999998516,0.23475763172316488,404
49,ATAC,525,1.4367216022857143,0.41656892639874243,1.51232272,2.5887021,-1.35306757,1.5749999999998598,0.226953570457682,442
50,ATAG,550,1.5911931859818182,0.4607799373079494,1.69238231,2.68561039,-1.11051072,1.8199999999998546,0.22419701359065583,439
51,ATAT,532,1.5223581038045113,0.5570997598089814,1.63004947,3.14926243,-1.06853484,1.7249999999998566,0.2438671380265781,398
52,ATCA,531,2.6686685820338987,0.5706586666950709,2.79599846,3.63434285,-2.4644425,2.879999999999832,0.20884030222508632,445
53,ATCC,533,2.6670341295121953,0.4686804541015001,2.75724087,3.48174811,-1.70451607,2.8099999999998335,0.21748149900976763,444
54,ATCG,536,2.6303422776679106,0.5070517351718407,2.74336775,3.36070425,-0.34946393,2.839999999999833,0.2298081219849581,437
55,ATCT,551,2.5505755864609805,0.5782470943887632,2.6912247,3.40679924,-1.10233153,2.784999999999834,0.23254563295782757,442
56,ATGA,524,1.3860525339524807,0.591809580158068,1.473216555,2.72749901,-2.72355856,1.474999999999862,0.25876562722491947,392
57,ATGC,511,1.5512600987045007,0.5059060402127378,1.68234929,2.58507039,-1.15251985,1.7649999999998558,0.224141418145335,389
58,ATGG,538,1.6079803724535318,0.4836449092934757,1.6958034899999999,2.71017722,-1.59731348,1.7949999999998552,0.2468481399869324,416
59,ATGT,523,1.7322184811366923,0.6227603566175183,1.87399303,3.07354231,-1.3701356,1.984999999999851,0.24489278650790441,346
60,ATTA,488,1.3647532212909836,0.37855570816277706,1.401131125,2.40572221,-1.46359548,1.4099999999998634,0.2299870794411226,435
61,ATTC,502,0.9750476759581673,0.3304044376405549,1.0073540049999998,2.57146764,-1.73965736,1.0899999999998702,0.1890936442735048,466
62,ATTG,480,1.12982722330625,0.3732870346932742,1.173916325,2.35995764,-1.37989282,1.3149999999998654,0.2235349287028269,400
63,ATTT,501,0.4402226772994012,0.3466050593605522,0.48278985,1.45861713,-2.1146435,0.6049999999998805,0.20639810117641158,447
64,CAAA,559,-0.10923288558640251,0.3825557547607178,-0.12378513,2.74965329,-1.9579733,-0.1300000000001038,0.2098686237389035,498
65,CAAC,489,-0.8481774938609408,0.27102373830010035,-0.90299061,1.42661914,-1.59316084,-0.9750000000000858,0.16750154486844565,453
66,CAAG,546,-0.2791456720839652,0.30945485090948566,-0.28149201,0.70800192,-1.56729195,-0.34000000000009933,0.21703149311607234,496
67,CAAT,499,-1.065476188316633,0.34578075594579144,-1.09651575,1.26695572,-2.2724295,-1.1350000000000824,0.19403845680213208,467
68,CACA,535,0.27028242678562614,0.22579227420330833,0.25995361,1.74827641,-1.63635866,0.2399999999998883,0.1542792280454159,514
69,CACC,553,0.03674660604089874,0.22717040022340504,0.02180611,1.42980142,-2.02661492,0.02999999999989278,0.1488523202290733,535
70,CACG,478,0.14883251473293785,0.24321010611948007,0.13334361500000003,2.10184341,-0.97657487,0.13499999999989054,0.17273560266608462,461
71,CACT,526,-0.2314077098493289,0.23511376730756325,-0.250051115,1.18487933,-1.56142364,-0.2700000000001008,0.16644185847209295,504
72,CAGA,565,-0.664755436338124,0.38632347639745795,-0.69829026,1.156369,-2.0887951,-0.7500000000000906,0.23723541226100786,480
73,CAGC,552,-0.9049187236485507,0.2758654268001305,-0.94457733,1.05215729,-1.53327063,-0.9550000000000862,0.18027072786221832,533
74,CAGG,570,-0.6522486734070176,0.3441953168851858,-0.64393749,0.65957605,-2.76356871,-0.6050000000000937,0.21228813824050258,509
75,CAGT,512,-1.3886357236132811,0.4401153346853091,-1.42401501,1.00353913,-3.82652446,-1.5150000000000743,0.20014370210207735,454
76,CATA,535,-0.4225612809811402,0.34504578844008127,-0.46847533,1.83522193,-2.12692935,-0.5000000000000959,0.2024225275640372,490
77,CATC,537,-0.9929921683351957,0.3272422000591863,-1.05997945,2.38758142,-1.92300145,-1.0850000000000835,0.18239781156341417,480
78,CATG,510,-0.7191712011490196,0.3908419647226352,-0.77685006,2.3648336,-2.36192755,-0.8300000000000889,0.22003922616823632,449
79,CATT,496,-1.6769837696068548,0.40990139122267677,-1.77543806,0.64900132,-2.56866595,-1.8300000000000676,0.21080712970636273,416
80,CCAA,566,1.1116615695577738,0.26264725385364474,1.121349205,2.32835241,-0.97217041,1.149999999999869,0.17497409072100686,546
81,CCAC,538,0.5364487124553904,0.2880416147859692,0.51469886,1.61898649,-1.31064795,0.43999999999988404,0.1630974164042552,489
82,CCAG,573,0.8659461381972077,0.22896156591838424,0.88460148,1.51976597,-1.40488955,0.909999999999874,0.17324957055267004,558
83,CCAT,521,0.29687181900906295,0.2525971837003699,0.2831907,1.42532716,-1.12212062,0.27499999999988756,0.16796120393547698,491
84,CCCA,571,1.1210236264798599,0.2874553617442306,1.11966582,3.60117564,0.07399248,1.1299999999998693,0.1830110119784399,540
85,CCCC,565,0.8407942098265486,0.26515592433819557,0.86303803,1.55123239,-1.03390361,0.8699999999998749,0.19244695699781966,547
86,CCCG,563,0.8969029924511545,0.2626649686495456,0.91149487,2.2767698,-0.35175114,0.864999999999875,0.18410992798234938,531
87,CCCT,568,0.6105924910457747,0.2677673752247952,0.6197910950000001,1.42862707,-1.51798893,0.6199999999998802,0.1732267708805652,546
88,CCGA,569,0.5327750457258348,0.319889336977161,0.53822449,2.32951783,-1.82991349,0.5549999999998816,0.217124686581029,543
89,CCGC,527,0.29504611386296203,0.2463634681113835,0.28805441,1.47931331,-1.42685475,0.3149999999998867,0.16444117625518961,497
90,CCGG,561,0.5564514622477719,0.2627472568128034,0.56936615,1.80066271,-1.52990719,0.6049999999998805,0.18662251647648334,534
91,CCGT,475,0.0057810238825037885,0.24590136890870515,-2.85398707e-05,1.07375219,-1.1582388,-0.020000000000106155,0.18414033586140707,451
92,CCTA,560,0.5829197780125,0.2549217301794619,0.56022246,1.95207507,-0.51268699,0.5649999999998814,0.19195955312655386,532
93,CCTC,570,-0.01010882170640877,0.30189867694175077,-0.054975645000000004,2.45730221,-0.82656948,-0.07500000000010498,0.188899528142927,531
94,CCTG,570,0.2197873762783,0.27933678715616,0.19220607,1.60865901,-1.12909572,0.14999999999989022,0.20676559218198315,538
95,CCTT,568,-0.6361625977588028,0.29705238918082394,-0.684106455,0.95362047,-1.47117616,-0.7400000000000908,0.19693627357507684,513
96,CGAA,559,-0.8551376454203936,0.3135851328927797,-0.87789182,0.67937302,-2.41176109,-0.9700000000000859,0.1972354110965192,501
97,CGAC,533,-1.633421919553471,0.26665708240439906,-1.67016281,0.564223,-2.84629575,-1.6900000000000706,0.16024171390103395,505
98,CGAG,561,-0.9802103108752229,0.2848220006191731,-0.98990542,0.7472126,-2.39790388,-1.010000000000085,0.20003560984250587,524
99,CGAT,531,-1.8578446833145008,0.3880959395706916,-1.89406712,1.14299172,-2.81469978,-1.8750000000000666,0.18136608621450512,500
100,CGCA,545,-0.22015705829421287,0.24115388537782562,-0.24524286,1.17733708,-1.33843316,-0.26000000000010104,0.17741235926935336,524
101,CGCC,554,-0.4793167043158845,0.2594020755613655,-0.5202634850000001,1.06217598,-1.73190529,-0.5600000000000946,0.17365385890729843,525
102,CGCG,509,-0.4807351429469548,0.29501959754331675,-0.50888278,0.81039792,-1.88667521,-0.5600000000000946,0.19574663286435978,467
103,CGCT,541,-0.8136208276136784,0.2306356423833677,-0.83187179,0.61164053,-2.15268661,-0.8300000000000889,0.14906132714593848,519
104,CGGA,566,-1.0539964205159011,0.3683834972696419,-1.07340517,0.83262674,-2.8078687,-1.110000000000083,0.224648779851702,494
105,CGGC,547,-1.250471004223035,0.2584278347810646,-1.28231759,0.63365011,-2.16580661,-1.3100000000000787,0.16326922846130942,520
106,CGGG,565,-0.8922886495044248,0.3213642625603552,-0.90703464,0.61869834,-2.60193596,-0.9500000000000863,0.1965997531414131,507
107,CGGT,518,-1.6038224979150577,0.39517372307667437,-1.630331945,0.57608705,-3.21801272,-1.6350000000000717,0.19331957215358417,471
108,CGTA,541,-1.1507279851201477,0.3712186719480621,-1.21690759,1.28099152,-2.44505687,-1.2650000000000796,0.20295792972928947,470
109,CGTC,482,-1.6560169711975101,0.4364413314267768,-1.79408359,0.52393374,-2.2947186,-1.8650000000000668,0.18484601695818956,395
110,CGTG,500,-1.563397923068,0.39903625116262753,-1.6430233250000001,0.87979774,-2.27505311,-1.7850000000000685,0.20419960111505128,414
111,CGTT,471,-2.4138139661358813,0.4976490422231235,-2.5554056,0.20430483,-3.20813206,-2.64500000000005,0.19547794304112726,383
112,CTAA,555,1.6448626499819818,0.3462701473177015,1.68512331,2.50642776,-1.04416386,1.709999999999857,0.2167970452340935,508
113,CTAC,552,1.3607546349275361,0.28623527400198356,1.3722062,2.600859,0.10799955,1.3549999999998645,0.20383658263576476,509
114,CTAG,563,1.4677568389520423,0.3596970421960688,1.51804116,2.7104018,-0.98819654,1.5449999999998605,0.2047951229459259,502
115,CTAT,545,1.3591166690788992,0.33976325031920845,1.38959883,2.65662213,-0.72217654,1.4149999999998633,0.21418227967601916,478
116,CTCA,571,2.203335184290718,0.4256512714821614,2.29263801,2.8530133,-0.18725675,2.3299999999998438,0.21158034902545594,492
117,CTCC,572,2.163598296031468,0.38024244939277163,2.2239165300000003,3.13867483,-0.30499732,2.224999999999846,0.21210395701502563,503
118,CTCG,562,2.164756101049822,0.3842469153417072,2.22122748,3.37554998,0.01894209,2.229999999999846,0.20052353772799233,491
119,CTCT,568,2.103360206954225,0.4026403175136917,2.18289468,3.05086329,-0.7697364,2.229999999999846,0.21662244993521215,490
120,CTGA,571,1.116797888772329,0.30982388698336555,1.14101245,1.87690478,-0.90024752,1.149999999999869,0.21997265866079224,520
121,CTGC,556,1.0935808381852519,0.3124447233033535,1.1256947350000002,1.98613849,-0.71335849,1.2249999999998673,0.19919856796390525,499
122,CTGG,574,1.2140620471602788,0.35366272061423903,1.25764349,2.53656359,-1.51425517,1.3049999999998656,0.21166867551443366,517
123,CTGT,539,1.1945241876326531,0.30429157187076367,1.19688482,2.12158878,0.17593871,1.1549999999998688,0.2210662567964713,478
124,CTTA,551,1.0222726249455536,0.35048204764039786,1.02384376,2.68434713,-1.98282737,0.9849999999998724,0.22635278685015586,510
125,CTTC,556,0.6594003838381294,0.24166518475705817,0.6578798299999999,2.54270448,-0.26224934,0.6949999999998786,0.18018504684034536,533
126,CTTG,551,0.8113162388566243,0.3032152226719106,0.82498124,1.98052458,-0.69212271,0.6999999999998785,0.21526275297419656,504
127,CTTT,559,0.17672050862396602,0.27057718599858704,0.19243702,2.05236519,-1.01312048,0.22999999999988852,0.18108146949003978,518
128,GAAA,568,-1.411101692834507,0.30104483354261546,-1.4258011800000001,1.6442821,-2.96554281,-1.4100000000000765,0.20607840780102402,533
129,GAAC,509,-2.247479412337918,0.3108861181525805,-2.25365025,-0.52136515,-3.48356932,-2.230000000000059,0.21644062138980977,474
130,GAAG,554,-1.6139579288501804,0.29419119696230583,-1.61024088,0.6691409,-2.95428889,-1.6050000000000724,0.19889218550429819,509
131,GAAT,503,-2.3832261194433397,0.353491516975476,-2.40142387,1.14605608,-3.19073941,-2.3600000000000563,0.21813056356688143,469
132,GACA,524,-0.7772596868377863,0.36893698472357417,-0.7588503,1.70843047,-2.77675593,-0.7350000000000909,0.20781665128738244,472
133,GACC,522,-1.159716633216475,0.3679430404490377,-1.13564226,1.2078808,-2.79649743,-1.0700000000000838,0.19847691278206858,468
134,GACG,507,-0.9635062950059172,0.30098324248343866,-0.94758637,1.37072381,-2.40190883,-0.9100000000000872,0.1956605209257171,469
135,GACT,505,-1.2815092412534654,0.24483785233133104,-1.26523579,0.48760726,-2.69391252,-1.25000000000008,0.19276461097806646,489
136,GAGA,559,-1.61138821372093,0.36906955127766167,-1.55047585,-0.1840595,-2.8558144,-1.4900000000000748,0.21005180965420817,469
137,GAGC,554,-1.9075334027978341,0.26472376704444706,-1.922195785,-0.73543044,-3.03573478,-1.9600000000000648,0.19878466168754763,517
138,GAGG,569,-1.5978029707029877,0.37054783298606925,-1.54980967,2.44211087,-2.68672336,-1.4550000000000756,0.19456341368698174,481
139,GAGT,515,-2.155889260485437,0.2972892803040034,-2.12870532,0.46570327,-3.35266848,-2.0600000000000627,0.19685702455951953,476
140,GATA,551,-1.5285340408892922,0.3312539969579654,-1.52491541,1.05710382,-3.06423605,-1.5100000000000744,0.2190585282746572,511
141,GATC,537,-2.0861227675418994,0.3454597342218275,-2.11832788,-0.0232793,-2.95288058,-2.140000000000061,0.21398160930300733,477
142,GATG,554,-1.862710503050541,0.3458081413204681,-1.890132805,1.25966421,-3.13089779,-1.9100000000000659,0.21987538428963196,512
143,GATT,515,-2.6671216881747575,0.32266795087152994,-2.70338452,-0.78176879,-3.62480014,-2.7150000000000487,0.21873614973849353,474
144,GCAA,535,1.1402123558317756,0.4183420071521416,1.20175118,2.08178645,-2.28546614,1.2799999999998661,0.2164020369153401,453
145,GCAC,499,0.39805351539133865,0.3471875912173008,0.44719397,2.14087784,-0.92110574,0.4849999999998831,0.18848503519158477,438
146,GCAG,553,0.8235427362391338,0.40032849703067275,0.88062785,2.42061738,-1.45078085,0.8949999999998743,0.21995430043187555,474
147,GCAT,523,0.2934449924206501,0.37975053707824247,0.34437135,1.19230516,-2.1412286,0.34499999999988606,0.21164871157943765,473
148,GCCA,568,1.277097632484155,0.38548089571022903,1.338395255,2.78626473,-1.70576578,1.3999999999998636,0.20175812127524145,497
149,GCCC,557,0.9695491784560142,0.3804660123949301,1.02414947,2.58257853,-1.5941581,1.0699999999998706,0.21058997360689252,503
150,GCCG,542,1.1113698901291513,0.35023044981671575,1.1553364849999999,2.29898954,-1.17793091,1.2249999999998673,0.1968907287898412,479
151,GCCT,568,0.7924024939330986,0.36933397060547907,0.85609852,1.61865794,-1.15632046,0.8749999999998748,0.2030545143527005,504
152,GCGA,557,0.6537342284578097,0.4051947874696088,0.69564605,2.26460214,-1.50107508,0.6199999999998802,0.2333971492020554,463
153,GCGC,499,0.31409965676152307,0.3274289471525691,0.34969088,1.37348404,-1.38829816,0.3299999999998864,0.20622281728107345,450
154,GCGG,524,0.6875147125133588,0.3855909542704592,0.7423843,1.85860479,-1.61001668,0.7899999999998766,0.2244106396807938,451
155,GCGT,479,0.2393929365636743,0.40303632520022403,0.28881027,1.35617035,-2.54766392,0.3849999999998852,0.21110082814977096,412
156,GCTA,550,0.6401650861854545,0.2879048562944442,0.6342897750000001,1.64189237,-1.32447962,0.5949999999998807,0.21257025520284625,513
157,GCTC,551,-0.083898230829559,0.34288463742333264,-0.07684719,1.62924759,-4.98753176,-0.10000000000010445,0.18704493448145104,517
158,GCTG,555,0.30210983645242345,0.33040104122573116,0.29095763,2.24755541,-1.26352832,0.2449999999998882,0.21262282059133372,501
159,GCTT,549,-0.6221246197996357,0.26534590895829663,-0.63210597,0.59148098,-2.7620066,-0.6200000000000934,0.1904285113293397,527
160,GGAA,565,-2.0947291026902652,0.3960147030247304,-2.16304901,0.44983333,-3.90297255,-2.2100000000000595,0.20503948545647022,486
161,GGAC,539,-3.007790195213358,0.31752071361390555,-3.06974936,-1.26281113,-3.78312694,-3.13000000000004,0.19021440839014633,483
162,GGAG,564,-2.2268642606560283,0.2951394481405763,-2.27729684,1.18531026,-3.27107013,-2.325000000000057,0.1775063555900731,516
163,GGAT,548,-3.1098194143248175,0.3320627382401917,-3.17104769,-0.72969341,-4.17440232,-3.215000000000038,0.1593794723108089,517
164,GGCA,561,-0.9432821732442069,0.27065202047558107,-0.93725829,0.22723154,-2.53989682,-0.9400000000000865,0.18714453723572283,530
165,GGCC,551,-1.2279472376950997,0.28209306683937946,-1.23575331,0.66460086,-3.14547126,-1.25000000000008,0.1784709242830673,523
166,GGCG,559,-1.10249748470483,0.32477904739697033,-1.13063875,1.93298397,-2.28195871,-1.1850000000000813,0.1809600644619785,514
167,GGCT,566,-1.4329884431095408,0.25989413735949657,-1.4269085,0.26343055,-4.28444697,-1.4100000000000765,0.16658681894767569,543
168,GGGA,565,-2.0199623905663717,0.33568155782378245,-2.02148002,-0.4829259,-3.18804292,-2.050000000000063,0.20544564461042458,503
169,GGGC,565,-2.3026126411504424,0.2993492190781334,-2.35054564,-0.28050984,-3.29710616,-2.3600000000000563,0.18187614117013698,523
170,GGGG,573,-1.9416533985340312,0.3257461717523258,-1.90704594,-0.15713836,-3.15530128,-1.8250000000000677,0.20171668320892153,484
171,GGGT,541,-2.534757096136784,0.3731542789136158,-2.54113534,0.77978692,-3.6904002,-2.5450000000000523,0.18005346874269662,497
172,GGTA,563,-1.9577537165364123,0.32118029016282695,-1.98141877,0.84881814,-2.9363667,-2.0600000000000627,0.21387300994992295,520
173,GGTC,516,-2.5411695659108524,0.39761001259418993,-2.63030877,-0.08089977,-3.48722248,-2.7250000000000485,0.20324396833526454,440
174,GGTG,555,-2.381154662900901,0.31091233752147907,-2.41843003,-0.81162606,-3.19216037,-2.4400000000000546,0.21457361262485994,506
175,GGTT,536,-3.187229812742537,0.33592326619367413,-3.237305815,-0.57601869,-4.14669088,-3.255000000000037,0.2062362008778908,485
176,GTAA,534,1.3032963157677901,0.5631679500901324,1.4201332949999999,2.89098318,-1.8650428,1.5399999999998606,0.23982683588844306,419
177,GTAC,531,0.8624390523732391,0.43811597109514533,0.93794591,2.02787392,-1.98469518,0.9899999999998723,0.23128335081678167,457
178,GTAG,556,1.1225051527697842,0.4654513511270698,1.21605536,2.55122949,-1.51925271,1.2599999999998666,0.23367669262098878,451
179,GTAT,539,0.9922579050834879,0.5328749070707487,1.08101245,2.77233036,-1.68547646,1.1799999999998683,0.24168966759224464,406
180,GTCA,542,2.211363223265683,0.484088934745332,2.3315083249999997,3.1557322,-0.58651114,2.4299999999998416,0.21749253878149283,428
181,GTCC,537,2.1407333967783986,0.4446569539777424,2.2316823,3.17875079,-0.93726183,2.269999999999845,0.21903796063639466,451
182,GTCG,535,2.124954382467289,0.5162359890480029,2.24918946,3.0572437,-1.41704222,2.3299999999998438,0.22114209800184673,434
183,GTCT,417,2.087359837434053,0.5557560193412946,2.24006598,2.99043966,-0.39740147,2.2899999999998446,0.2312474833405656,329
184,GTGA,513,1.0231326968421053,0.5427539977912443,1.12619929,2.03254615,-1.73442908,1.2449999999998669,0.2428745310522443,396
185,GTGC,492,1.0381584248373985,0.5050393146668208,1.103895725,2.5107606,-1.80832005,1.1049999999998699,0.2251664644553785,381
186,GTGG,547,1.1761277517010786,0.5616270566900262,1.27482547,2.72863813,-2.28772731,1.3399999999998649,0.24220869339807524,449
187,GTGT,498,1.280328380321285,0.5735604162862802,1.4039169249999999,2.25382107,-1.82204232,1.4399999999998627,0.24392069962820814,392
188,GTTA,514,0.9262551898793774,0.34950143486101115,0.9710379794999999,1.79206939,-1.73073559,1.0599999999998708,0.22278812239153312,443
189,GTTC,508,0.48725591798804013,0.2798382865886912,0.497580005,2.09501255,-1.21331156,0.5149999999998824,0.19619337184657465,474
190,GTTG,477,0.6746489827206731,0.3459617132932708,0.68567926,2.35259685,-1.06643404,0.6649999999998792,0.25427088597139386,434
191,GTTT,498,-0.007222637252272284,0.3406885120373527,0.029926445000000003,2.60910266,-2.72476534,0.0849999999998916,0.1935886180640465,456
192,TAAA,557,-0.011569006221771988,0.3139867230591214,0.01505541,1.45096757,-1.69061818,0.04999999999989235,0.19977768655866832,506
193,TAAC,509,-0.6909371689685105,0.33334413702760507,-0.74495898,1.55748222,-2.1747473,-0.7900000000000897,0.19062496575983984,466
194,TAAG,557,-0.11121686298607719,0.28457152475068653,-0.11541717,1.36087656,-1.54146337,-0.12000000000010402,0.19750720645545514,515
195,TAAT,502,-0.879677422559761,0.45359348638195823,-0.917738135,2.49371631,-3.44476212,-0.9550000000000862,0.20729048521960652,445
196,TACA,558,0.3015290307341727,0.2623209766866037,0.279602415,1.93184172,-1.4299938,0.2349999999998884,0.1568906585780445,526
197,TACC,560,0.10210596447196428,0.2822644685156917,0.055344185,2.35540397,-1.555194,0.04499999999989246,0.16313882001265975,532
198,TACG,540,0.13959149340104074,0.2343312479557833,0.136434065,1.39413429,-1.51797575,0.12999999999989065,0.16305702568438016,519
199,TACT,547,-0.1348855637876051,0.2471304108924573,-0.15599148,1.38553726,-1.47067368,-0.17000000000010296,0.16160326384495435,524
200,TAGA,560,-0.28394124929787856,0.35303850189142316,-0.30683272500000003,1.23456952,-2.23839603,-0.39500000000009816,0.22606206164903697,484
201,TAGC,562,-0.5999280954270463,0.2653440885743167,-0.60577489,1.63989289,-2.61481798,-0.6050000000000937,0.18296481215948393,538
202,TAGG,564,-0.2524031320796986,0.3308027551929384,-0.25434104,1.42028019,-1.55988349,-0.3650000000000988,0.20526442222532795,504
203,TAGT,552,-0.9250615527119566,0.3591483505292461,-0.911105495,1.75447694,-2.94145285,-0.9000000000000874,0.19396236748998522,500
204,TATA,532,-0.22613315889549437,0.4399120753658619,-0.313721775,2.29941271,-2.11687877,-0.39000000000009827,0.19067595896256748,461
205,TATC,555,-0.6213416029396397,0.42496166832078486,-0.72208378,2.7902105,-2.52528477,-0.825000000000089,0.1821060089325874,465
206,TATG,551,-0.5077153902359347,0.3822059365230535,-0.58545719,1.75976166,-1.31165106,-0.6450000000000928,0.20055693362051297,477
207,TATT,524,-1.2709031977576337,0.4921265747520859,-1.39909076,1.57789602,-2.44673463,-1.4700000000000752,0.20176983413335303,434
208,TCAA,558,1.121749303657706,0.2820186374139368,1.11829174,3.2617085,-0.4445372,1.0899999999998702,0.18359605478875426,528
209,TCAC,511,0.5909307289765166,0.27855450606722065,0.55492841,2.23218762,-1.36465658,0.5149999999998824,0.16977779422076042,481
210,TCAG,567,0.9630580121234568,0.35367143887727015,0.94857098,2.64361803,-0.99198517,0.9549999999998731,0.20146818868262004,522
211,TCAT,509,0.3792833425874263,0.37542780230806194,0.36005475,2.51442725,-2.27874174,0.28999999999988724,0.18816880777315392,456
212,TCCA,567,1.039978737675485,0.2959756800026105,1.0130814,2.76005211,-0.69369412,0.9799999999998725,0.17508549100476764,525
213,TCCC,570,0.8782320624438595,0.29859355700615753,0.8356260849999999,2.34886946,-0.59283237,0.8399999999998755,0.19027288853906588,528
214,TCCG,570,0.9051586309701753,0.28961624802066305,0.88961205,2.48199735,-1.85304101,0.8799999999998747,0.17119760510875018,539
215,TCCT,571,0.6158546705043783,0.31802685905102523,0.60242911,2.32424589,-0.85392522,0.5449999999998818,0.1846643527951552,527
216,TCGA,560,0.6943323652122678,0.3551177534436053,0.679042265,2.27398875,-1.39470925,0.6399999999998798,0.21648432972011017,499
217,TCGC,560,0.3996430946742857,0.2929124302405756,0.39256826,1.87581193,-1.14077816,0.36999999999988553,0.17786826761254101,521
218,TCGG,564,0.7395779984219857,0.29666120055142964,0.720616425,2.07232646,-0.79179302,0.6999999999998785,0.20428350544539572,517
219,TCGT,520,0.19185005214836534,0.4107234270567022,0.18839899,1.90240689,-2.69862437,0.14999999999989022,0.20540023880235825,476
220,TCTA,555,0.5762772283045046,0.3416418207389352,0.5240403,2.70753397,-2.27797731,0.43499999999988415,0.18842905058114193,499
221,TCTC,565,0.11966938871036106,0.39381659460651247,0.04818935,2.78439721,-1.43495287,0.03499999999989267,0.18378826288190264,512
222,TCTG,569,0.3218092611614271,0.32881698510337,0.28000307,2.82680385,-2.05510914,0.15499999999989011,0.1903268453799879,498
223,TCTT,554,-0.4992033086731047,0.3272243453350053,-0.526486275,1.53837173,-2.01590227,-0.5550000000000948,0.19958258094202405,512
224,TGAA,561,-0.7263077365294117,0.3908746621369625,-0.72842493,1.26823914,-2.97811333,-0.7400000000000908,0.22456774472065152,491
225,TGAC,549,-1.5293633869581056,0.3037916964047385,-1.58520813,1.33029883,-2.11354404,-1.625000000000072,0.17422891751287045,515
226,TGAG,563,-0.7962708784529308,0.3105884291584549,-0.79207456,0.69767931,-2.09302137,-0.7600000000000904,0.22517734822381155,514
227,TGAT,533,-1.697800083283302,0.3680697277917449,-1.73291936,1.19116147,-2.98104245,-1.7900000000000684,0.19692175740297324,483
228,TGCA,544,0.0235206696716568,0.3024576770571052,-0.015822625,1.61692607,-2.37471857,-0.08000000000010488,0.17074584096346454,502
229,TGCC,567,-0.21577980979483952,0.28149259380368474,-0.25297753,1.65493971,-2.00751854,-0.2900000000001004,0.16354195243308017,530
230,TGCG,536,-0.14661321404392072,0.27255101093913875,-0.17395901,1.41949377,-1.92137208,-0.2200000000001019,0.18244259681792055,505
231,TGCT,547,-0.3889132752449726,0.34076802175409077,-0.44162427,2.19287638,-1.44612166,-0.46500000000009667,0.17665043058568192,510
232,TGGA,572,-0.5576931039527973,0.4506168941258927,-0.570560065,2.52827101,-2.56523079,-0.5600000000000946,0.2484548973877577,489
233,TGGC,565,-0.8236700777168141,0.28359966077354865,-0.85352494,1.60428977,-1.97078242,-0.8800000000000878,0.18441129363099237,536
234,TGGG,569,-0.3972814758711775,0.33088492298128364,-0.40474556,1.17745958,-2.08197377,-0.4250000000000975,0.21062285313947973,515
235,TGGT,555,-1.03240971150991,0.3813754440561051,-1.0629707,1.30700118,-2.8332615,-1.1000000000000831,0.21324436940225439,491
236,TGTA,555,-0.674963696990991,0.4205855678659906,-0.75182136,2.16484354,-2.14825478,-0.8400000000000887,0.20704655338977143,467
237,TGTC,531,-1.0051312687193974,0.4897878772128841,-1.13432958,2.94761445,-1.91275243,-1.195000000000081,0.18377835343668544,446
238,TGTG,549,-0.9403560014207651,0.5399447512460623,-1.06735674,1.87975374,-2.3630858,-1.1850000000000813,0.21930819414618244,451
239,TGTT,512,-1.6833107321679686,0.4402748506797591,-1.79550661,0.31923505,-2.68024705,-1.8700000000000667,0.2214192328415462,415
240,TTAA,517,1.3158766252417795,0.30387291471839795,1.31895714,2.06058353,-0.72734912,1.2649999999998665,0.22122708252136086,480
241,TTAC,541,0.919832639896488,0.2535268515923103,0.954395,2.32832569,-0.58145032,0.9799999999998725,0.16535864626163924,511
242,TTAG,562,1.1296222439607742,0.3211594341184202,1.13901835,2.13365541,-1.45525146,1.09999999999987,0.20842636350424062,528
243,TTAT,513,0.9314331686725146,0.25848156472262684,0.96818249,1.96010634,-0.72813947,1.004999999999872,0.19667414394549207,486
244,TTCA,568,1.7108448881866198,0.30328733119354956,1.74707749,2.77511808,0.23430002,1.7749999999998556,0.21739288074096594,525
245,TTCC,566,1.602663768743816,0.27144695902786303,1.625785875,2.60345862,0.32716119,1.6949999999998573,0.20120586491750522,526
246,TTCG,553,1.6267675249186258,0.3075936724305294,1.64347265,2.59057656,-0.37949268,1.5849999999998596,0.21981828850333276,504
247,TTCT,562,1.5933392609074732,0.3066842592085926,1.63482723,2.79523374,-0.63359979,1.6999999999998572,0.18590262939965504,515
248,TTGA,556,0.8967372272122301,0.2639288946221049,0.906349985,1.71183834,-0.67700232,0.8749999999998748,0.20763515647368727,527
249,TTGC,533,0.8069020613208256,0.3076370947526873,0.82481108,2.5011302,-0.87843045,0.9049999999998741,0.2016976510123403,501
250,TTGG,561,0.9345170615828876,0.3890629071476342,0.97769522,1.65992883,-1.67819612,0.9449999999998733,0.22427498065920104,518
251,TTGT,508,0.8198742399645669,0.3136042244359978,0.851804035,1.71202552,-1.69430899,0.8749999999998748,0.20324953271941873,470
252,TTTA,558,0.7785756561111111,0.2480987544938075,0.76354316,2.42354887,-0.1626667,0.6999999999998785,0.20711019929261668,538
253,TTTC,566,0.3573779182176325,0.22447567172546282,0.34207403000000003,1.56664771,-0.69151932,0.3099999999998868,0.17495489404123454,547
254,TTTG,548,0.5803809218613138,0.25603012155257165,0.59399488,1.30962404,-1.34813532,0.6399999999998798,0.20891146821682988,527
255,TTTT,560,-0.01143445522866429,0.24851796535688842,-0.01690287,0.81299045,-1.76341011,-0.020000000000106155,0.1942475072244967,535
